# ************************************************************
# Sequel Pro SQL dump
# Version 4096
#
# http://www.sequelpro.com/
# http://code.google.com/p/sequel-pro/
#
# Host: 127.0.0.1 (MySQL 5.6.14)
# Database: video_rental
# Generation Time: 2014-02-15 16:05:43 +0000
# ************************************************************


/*!40101 SET @OLD_CHARACTER_SET_CLIENT=@@CHARACTER_SET_CLIENT */;
/*!40101 SET @OLD_CHARACTER_SET_RESULTS=@@CHARACTER_SET_RESULTS */;
/*!40101 SET @OLD_COLLATION_CONNECTION=@@COLLATION_CONNECTION */;
/*!40101 SET NAMES utf8 */;
/*!40014 SET @OLD_FOREIGN_KEY_CHECKS=@@FOREIGN_KEY_CHECKS, FOREIGN_KEY_CHECKS=0 */;
/*!40101 SET @OLD_SQL_MODE=@@SQL_MODE, SQL_MODE='NO_AUTO_VALUE_ON_ZERO' */;
/*!40111 SET @OLD_SQL_NOTES=@@SQL_NOTES, SQL_NOTES=0 */;


# Dump of table MOVIES
# ------------------------------------------------------------

DROP TABLE IF EXISTS `MOVIES`;

CREATE TABLE `MOVIES` (
  `id_movie` int(11) unsigned NOT NULL AUTO_INCREMENT,
  `name` char(255) NOT NULL DEFAULT '',
  `category` int(11) NOT NULL,
  `price` int(11) NOT NULL,
  PRIMARY KEY (`id_movie`)
) ENGINE=InnoDB DEFAULT CHARSET=latin1;

LOCK TABLES `MOVIES` WRITE;
/*!40000 ALTER TABLE `MOVIES` DISABLE KEYS */;

INSERT INTO `MOVIES` (`id_movie`, `name`, `category`, `price`)
VALUES
	(1,'Brakus',509,440),
	(2,'Runte',389,140),
	(3,'Kutch',283,438),
	(4,'Blanda',733,160),
	(5,'Conn',26,566),
	(6,'Rath',727,349),
	(7,'Murphy',399,715),
	(8,'Gerlach',94,87),
	(9,'Kassulke',982,467),
	(10,'Gislason',263,424),
	(11,'Cronin',290,391),
	(12,'Schumm',865,383),
	(13,'Boehm',87,937),
	(14,'Abshire',174,684),
	(15,'Schulist',112,713),
	(16,'Adams',195,25),
	(17,'Franecki',297,605),
	(18,'Schuster',677,351),
	(19,'Morissette',445,432),
	(20,'Rowe',906,333),
	(21,'Muller',5,820),
	(22,'Guann',647,185),
	(23,'McCullough',525,389),
	(24,'Hegmann',522,125),
	(25,'Thiel',554,64),
	(26,'Keeling',629,382),
	(27,'Dicki',329,56),
	(28,'Wuckert',697,472),
	(29,'Zieme',511,232),
	(30,'Marquardt',62,355),
	(31,'Osinski',299,142),
	(32,'Renner',431,166),
	(33,'Dietrich',563,786),
	(34,'Wehner',673,314),
	(35,'Sanford',457,367),
	(36,'Hansen',758,148),
	(37,'Borer',635,308),
	(38,'Feest',724,917),
	(39,'Balistreri',461,804),
	(40,'Kutch',994,983),
	(41,'Kirlin',930,317),
	(42,'Bogan',166,772),
	(43,'Fahey',788,862),
	(44,'Kutch',194,864),
	(45,'Hegmann',39,458),
	(46,'Abshire',649,129),
	(47,'Mueller',724,976),
	(48,'Borer',995,611),
	(49,'Bernier',27,182),
	(50,'Heidenreich',896,754),
	(51,'Zulauf',551,33),
	(52,'Armstrong',792,730),
	(53,'Bergstrom',558,937),
	(54,'Konopelski',32,764),
	(55,'Kutch',339,270),
	(56,'Huel',928,760),
	(57,'Shields',560,655),
	(58,'Moen',205,27),
	(59,'Greenholt',869,886),
	(60,'Pagac',493,942),
	(61,'Nitzsche',776,844),
	(62,'Padberg',110,687),
	(63,'Morar',843,20),
	(64,'Brown',297,569),
	(65,'Cassin',673,67),
	(66,'Windler',959,426),
	(67,'Greenfelder',34,179),
	(68,'Kuphal',650,386),
	(69,'Lueilwitz',709,830),
	(70,'Brekke',894,191),
	(71,'Hamill',350,295),
	(72,'Yundt',750,908),
	(73,'DuBuque',790,21),
	(74,'Hansen',972,339),
	(75,'Will',280,479),
	(76,'Cormier',744,741),
	(77,'Cruickshank',922,994),
	(78,'Schowalter',494,514),
	(79,'Parker',265,292),
	(80,'Hahn',858,673),
	(81,'Maggio',647,179),
	(82,'Lueilwitz',738,917),
	(83,'Daniel',993,90),
	(84,'Haley',477,670),
	(85,'Littel',648,768),
	(86,'Luettgen',37,204),
	(87,'Thompson',571,413),
	(88,'Brakus',556,841),
	(89,'Treutel',212,479),
	(90,'Fahey',578,816),
	(91,'Runolfsdottir',254,187),
	(92,'Pfannerstill',398,957),
	(93,'Yost',741,761),
	(94,'Harber',383,240),
	(95,'Herman',58,630),
	(96,'Schinner',565,223),
	(97,'Gutkowski',437,940),
	(98,'Homenick',554,506),
	(99,'Kertzmann',16,224),
	(100,'movie1',2,20),
	(1015,'test',3,50),
	(1016,'movie2',2,20),
	(1017,'movie3',2,20),
	(1018,'movie4',2,20);

/*!40000 ALTER TABLE `MOVIES` ENABLE KEYS */;
UNLOCK TABLES;


# Dump of table RENTALS
# ------------------------------------------------------------

DROP TABLE IF EXISTS `RENTALS`;

CREATE TABLE `RENTALS` (
  `id` int(11) unsigned NOT NULL AUTO_INCREMENT,
  `id_user` int(11) unsigned NOT NULL,
  `id_movie` int(11) unsigned NOT NULL,
  `cost` int(11) NOT NULL,
  `date` datetime NOT NULL DEFAULT CURRENT_TIMESTAMP ON UPDATE CURRENT_TIMESTAMP,
  PRIMARY KEY (`id`),
  KEY `id_user` (`id_user`),
  KEY `id_movie` (`id_movie`),
  CONSTRAINT `rentals_ibfk_1` FOREIGN KEY (`id_user`) REFERENCES `USERS` (`ID_USER`) ON DELETE NO ACTION ON UPDATE CASCADE,
  CONSTRAINT `rentals_ibfk_2` FOREIGN KEY (`id_movie`) REFERENCES `MOVIES` (`ID_MOVIE`) ON DELETE NO ACTION ON UPDATE CASCADE
) ENGINE=InnoDB DEFAULT CHARSET=latin1;

LOCK TABLES `RENTALS` WRITE;
/*!40000 ALTER TABLE `RENTALS` DISABLE KEYS */;

INSERT INTO `RENTALS` (`id`, `id_user`, `id_movie`, `cost`, `date`)
VALUES
	(1,1,1,20,'2014-02-15 14:23:30'),
	(2,1,1,20,'2014-02-15 14:23:30'),
	(3,1,1,20,'2014-02-15 14:23:30'),
	(4,1,1,20,'2014-02-15 14:23:30'),
	(5,1,1,20,'2014-02-15 14:23:30'),
	(6,1,1,20,'2014-02-15 14:23:30'),
	(7,2,2,20,'2014-02-15 14:23:30'),
	(8,1,1,20,'2014-02-15 14:23:30'),
	(9,3,2,20,'2014-02-15 14:23:30'),
	(10,2,6,20,'2014-02-15 14:23:30'),
	(11,1,2,20,'2014-02-15 14:23:30'),
	(12,1,2,20,'2014-02-15 14:23:30'),
	(13,1,2,20,'2014-02-15 14:23:30'),
	(14,1,2,20,'2014-02-15 14:23:30'),
	(15,1,2,20,'2014-02-15 14:23:30'),
	(16,10,1016,20,'2014-02-15 14:23:30'),
	(17,10,1017,20,'2014-02-15 14:23:30'),
	(18,4,1018,20,'2014-02-15 14:23:30'),
	(19,10,1018,20,'2014-02-15 14:23:30'),
	(20,3,2,20,'2014-02-15 17:05:08');

/*!40000 ALTER TABLE `RENTALS` ENABLE KEYS */;
UNLOCK TABLES;


# Dump of table USERS
# ------------------------------------------------------------

DROP TABLE IF EXISTS `USERS`;

CREATE TABLE `USERS` (
  `id_user` int(11) unsigned NOT NULL AUTO_INCREMENT,
  `name` char(255) NOT NULL DEFAULT '',
  `credit` int(11) NOT NULL,
  PRIMARY KEY (`id_user`)
) ENGINE=InnoDB DEFAULT CHARSET=latin1;

LOCK TABLES `USERS` WRITE;
/*!40000 ALTER TABLE `USERS` DISABLE KEYS */;

INSERT INTO `USERS` (`id_user`, `name`, `credit`)
VALUES
	(1,'Harvey Huels',10),
	(2,'Genevieve Pfannerstill PhD',882),
	(3,'Michelle Durgan',139),
	(4,'Jaime VonRueden',884),
	(5,'Colin Bartell',945),
	(6,'Retha Padberg',247),
	(7,'Jillian Cassin',153),
	(8,'Kendrick Bailey',929),
	(9,'Geovany Carroll',585),
	(10,'Ardella Crist PhD',472),
	(11,'Glenna Kihn',511),
	(12,'Ashtyn Ritchie',114),
	(13,'Maddison Orn',980),
	(14,'Marina Jaskolski',525),
	(15,'Sedrick Swaniawski',691),
	(16,'Amos Koelpin',522),
	(17,'Narciso Littel',777),
	(18,'Laurie Frami',611),
	(19,'Ramona Sporer',554),
	(20,'Toby Gaylord',968),
	(21,'Veronica Schmidt DVM',922),
	(22,'Patsy Miller',927),
	(23,'Dedrick Gerlach',607),
	(24,'Eulalia Pfeffer',251),
	(25,'Carmela Wunsch',734),
	(26,'Leonard Gerlach',254),
	(27,'Mrs. Wilfredo Hamill',138),
	(28,'Wayne Jewess DDS',240),
	(29,'Dr. Gaston Heaney',842),
	(30,'Miss Roger Wisozk',901),
	(31,'Abigale Boehm',115),
	(32,'Dr. Melyna Sauer',961),
	(33,'Jessika Welch',870),
	(34,'Maeve Gaylord',434),
	(35,'Ms. Lucienne Harris',31),
	(36,'Zena Cole',152),
	(37,'Soledad Wiza',558),
	(38,'Miles Shields',244),
	(39,'Rosemarie Carter',537),
	(40,'Jay Swaniawski',553),
	(41,'Moses Hilpert',187),
	(42,'Monserrate Shields',685),
	(43,'Jeremie Paucek V',752),
	(44,'Rollin Littel',354),
	(45,'Sandra Russel',832),
	(46,'Gaetano Armstrong',262),
	(47,'Bernice Gleichner',645),
	(48,'Arlene Raul',36),
	(49,'Dr. Geoffrey Ebert',94),
	(50,'Darryl Orn MD',919),
	(51,'Anne Harris',327),
	(52,'Rowan Johnston',292),
	(53,'Montana Tremblay',726),
	(54,'Adolfo Wisozk',708),
	(55,'Angelita Littel',901),
	(56,'Soledad Cummerata',845),
	(57,'Winifred Spencer',260),
	(58,'Marco Collier',695),
	(59,'Kasey Sporer PhD',716),
	(60,'Dusty Ebert',13),
	(61,'Reyes Abernathy',456),
	(62,'Darrick O\'Conner V',213),
	(63,'Casandra Kuhn',250),
	(64,'Ila Medhurst',126),
	(65,'Ludwig Rogahn',314),
	(66,'Mr. Mekhi McClure',731),
	(67,'Marisa Sporer',906),
	(68,'Reilly Langosh',32),
	(69,'Arlo Considine',868),
	(70,'Hyman Jones',440),
	(71,'Elise Jewess',846),
	(72,'Evelyn Simonis',593),
	(73,'Aimee Emard',304),
	(74,'Janie Erdman',382),
	(75,'Kelley Braun PhD',363),
	(76,'Lon Boyle',675),
	(77,'Trycia Murray',822),
	(78,'Ladarius Hilpert',443),
	(79,'Tyree Eichmann',375),
	(80,'Duncan Feil',458),
	(81,'Ms. Alexandra Ankunding',325),
	(82,'Mr. Cody Walsh',465),
	(83,'Sydney Schulist',916),
	(84,'Terry Roob',564),
	(85,'Myrtis Anderson II',688),
	(86,'Coralie Senger',909),
	(87,'Reva Weissnat',360),
	(88,'Elza Hodkiewicz',589),
	(89,'Malachi Kihn',296),
	(90,'Ruby Harªann I',538),
	(91,'Austin Roob',816),
	(92,'Elda Lueilwitz',725),
	(93,'Caden Lindgren Jr.',168),
	(94,'Daren Hand',940),
	(95,'Jamar Adams',996),
	(96,'Hermann Schiller',873),
	(97,'Cecil McClure',201),
	(98,'Victor Nitzsche',139),
	(99,'Kailyn Kris V',382),
	(100,'Rosemarie Leffler',246),
	(101,'Malcolm Satterfield',861),
	(102,'Haleigh Anderson',835),
	(103,'Haley Stroman',950),
	(104,'Renee Roob',879),
	(105,'Miss Iliana Mueller',119),
	(106,'Arno Roberts',830),
	(107,'Eudora Predovic IV',362),
	(108,'Carolyn Little',172),
	(109,'Rodger Bins',447),
	(110,'Noel Schmidt',647),
	(111,'Sebastian Kiehn',899),
	(112,'Virginia Baumbach II',297),
	(113,'Mack Ernser',700),
	(114,'Willie Aufderhar',34),
	(115,'Alexander Bartell',355),
	(116,'Dominique Reinger IV',276),
	(117,'Karolann Sawayn',445),
	(118,'Vilma Parisian',296),
	(119,'Brannon Hammes',875),
	(120,'Golden Schaden',235),
	(121,'Garnett Kertzmann',947),
	(122,'Ozella Heidenreich',800),
	(123,'Destiney Emmerich',149),
	(124,'Ms. Teagan Wintheiser',292),
	(125,'Sage Kub',275),
	(126,'Dejon Hills',843),
	(127,'Mrs. Darien Thompson',122),
	(128,'Lisa Feeney',21),
	(129,'Mr. Palma McDermott',288),
	(130,'Stephen Herzog',428),
	(131,'Anastacio Ferry',694),
	(132,'Devan Von DDS',162),
	(133,'Tyrese Parker',524),
	(134,'Darrell Mertz',225),
	(135,'Kaylee Grimes',173),
	(136,'Domenick Boyle III',405),
	(137,'Rosalind Jewess',269),
	(138,'Paolo Turcotte',680),
	(139,'Blaise Lindgren',768),
	(140,'Junior Bechtelar',933),
	(141,'Hans Thiel PhD',880),
	(142,'Ms. Hortense Yundt',817),
	(143,'Herman Tillman',547),
	(144,'Dr. Cruz Wilkinson',507),
	(145,'Justen Jaskolski',43),
	(146,'Madisen McGlynn',45),
	(147,'Hailie Lynch',443),
	(148,'Alvera Schaden',554),
	(149,'Porter Kutch',784),
	(150,'Roscoe Heller IV',976),
	(151,'Elouise Turcotte',657),
	(152,'Isabella Harris',903),
	(153,'Eleanora Harªann',320),
	(154,'Bennie Willms',844),
	(155,'Miss Alvis Jaskolski',221),
	(156,'Bernadette Abernathy',419),
	(157,'Carmela Mohr',847),
	(158,'Mabelle Volkman',309),
	(159,'Elwin Erdman',229),
	(160,'Aidan Connelly',711),
	(161,'Adaline Dooley',639),
	(162,'Maritza Bins',545),
	(163,'Viviane Hayes',792),
	(164,'Mariah O\'Conner',654),
	(165,'Lora Jacobi',88),
	(166,'Geovanny Corwin',578),
	(167,'Bernice Effertz V',248),
	(168,'Mr. Cornell Prohaska',42),
	(169,'Rylee Lueilwitz',205),
	(170,'Krystel Mills',859),
	(171,'Alyce Huel',363),
	(172,'Clyde Parisian',169),
	(173,'Jeramie Murphy',616),
	(174,'Josiane Hansen',770),
	(175,'Ms. Luella Zemlak',902),
	(176,'Evans Harvey',504),
	(177,'Orlo Sauer',177),
	(178,'Hope Grant',67),
	(179,'Webster Marvin',451),
	(180,'Kirstin Hermann',383),
	(181,'Melvina Erdman',474),
	(182,'Marilie Moore',140),
	(183,'Dr. Helga Bednar',157),
	(184,'Margarete Parker III',24),
	(185,'Aiyana Carter',944),
	(186,'Chauncey Hilpert',918),
	(187,'Flavie Rogahn',858),
	(188,'Grover Glover',306),
	(189,'Kiara Pfannerstill Sr.',693),
	(190,'Zoe Walker',265),
	(191,'Percival Aufderhar',928),
	(192,'Dell Rolfson',197),
	(193,'George Stoltenberg',288),
	(194,'Cora Auer',257),
	(195,'Kendall Heathcote PhD',994),
	(196,'Dr. Gino Weimann',971),
	(197,'Alfonzo Hintz',435),
	(198,'Aurelia Lind',377),
	(199,'Miracle Ernser',53),
	(200,'Lilian Bradtke',211),
	(201,'Minnie Gislason',556),
	(202,'Mr. Jess Walter',856),
	(203,'Mrs. Giles Koss',343),
	(204,'Claud Kuhic',644),
	(205,'Daron West PhD',529),
	(206,'Dr. Dallin Bode',520),
	(207,'Megane Reichert',778),
	(208,'Braulio Dibbert',543),
	(209,'Keaton Feeney II',508),
	(210,'Jovani Glover',8),
	(211,'Christop Stamm',636),
	(212,'Mekhi Muller',179),
	(213,'Helga Emmerich',229),
	(214,'Nayeli Jacobi',84),
	(215,'Adelbert Hudson',605),
	(216,'Lamar Tremblay',762),
	(217,'Thea Kunze',678),
	(218,'Pasquale Hodkiewicz',223),
	(219,'Eileen Schmitt',4),
	(220,'Nelda Sawayn',865),
	(221,'Dr. Haylee Ernser',887),
	(222,'Orpha Zulauf',789),
	(223,'Antwon Wolff',772),
	(224,'Lawrence McClure',934),
	(225,'Isac Kautzer',291),
	(226,'Estell Lemke',384),
	(227,'Ryder Stark',170),
	(228,'Kailey Wuckert',52),
	(229,'Francesca Kilback',405),
	(230,'Mrs. Audra Pfannerstill',347),
	(231,'Robyn Windler',328),
	(232,'Dolly Feeney',688),
	(233,'Dedrick Schmidt',420),
	(234,'Wendy Huel',252),
	(235,'Shanny Hirthe',707),
	(236,'Reba Kuvalis',446),
	(237,'Carol Haley',732),
	(238,'Miss Nathan Moore',693),
	(239,'Orin Armstrong',847),
	(240,'Sincere Willms',135),
	(241,'Sterling Macejkovic',965),
	(242,'Elliot Jaskolski',68),
	(243,'Luisa Grimes',665),
	(244,'Jessy Hilll Jr.',443),
	(245,'Kassandra Hickle',95),
	(246,'Sylvia Wolf III',6),
	(247,'Louisa Turcotte',483),
	(248,'Delia Mertz',305),
	(249,'Nannie Rohan',960),
	(250,'Lucinda Conroy',407),
	(251,'Levi Roberts',166),
	(252,'Ms. Kristofer Ledner',44),
	(253,'Darien Pagac',222),
	(254,'Tillman Braun',805),
	(255,'Cleve Bahringer I',498),
	(256,'Quentin Cummings',133),
	(257,'Garnet Bosco',529),
	(258,'Miles Bayer',721),
	(259,'Geovanny Feest',23),
	(260,'Mrs. Alberto Hessel',241),
	(261,'Halie Schmitt',275),
	(262,'Savanah Tillman',722),
	(263,'Randall Olson',405),
	(264,'Mrs. Carrie Jacobson',400),
	(265,'Westley Guªann',298),
	(266,'Mateo Nikolaus MD',831),
	(267,'Mireya Ritchie III',985),
	(268,'Melody Corwin',750),
	(269,'Zakary Abernathy',243),
	(270,'Korey Flatley',905),
	(271,'Kian Carroll DDS',292),
	(272,'Maryam Ledner DDS',399),
	(273,'Ara Satterfield',333),
	(274,'Elian Rippin MD',497),
	(275,'Raina Kessler',952),
	(276,'Duane Morar',825),
	(277,'Estelle Buckridge',154),
	(278,'Mustafa Feil',869),
	(279,'Miss Regan Runte',827),
	(280,'Mr. Natasha Ferry',192),
	(281,'Reilly Stracke',469),
	(282,'Vern Tremblay DVM',276),
	(283,'Keyshawn Kilback',333),
	(284,'Ms. Julia Yost',433),
	(285,'Faye Thompson',469),
	(286,'Cathrine Luettgen',80),
	(287,'Elyssa Goyette',458),
	(288,'Sigrid Terry',872),
	(289,'Bret Sauer',244),
	(290,'Kaci Hettinger',127),
	(291,'Ms. Joy Ondricka',16),
	(292,'Mrs. Green Weimann',809),
	(293,'Roman Schimmel',669),
	(294,'Rebeka Halvorson',390),
	(295,'Ned Block I',445),
	(296,'Justen Kessler Sr.',672),
	(297,'Christop Pollich',887),
	(298,'Mrs. Leif Homenick',888),
	(299,'Jamil Wiegand',14),
	(300,'Shawna Waters',974),
	(301,'Graciela Cruickshank',827),
	(302,'Francesco Aufderhar',266),
	(303,'Herta Jacobs',75),
	(304,'Cindy Davis',115),
	(305,'Eldon Frami',564),
	(306,'Mireya Fritsch DDS',396),
	(307,'Vicky Considine II',581),
	(308,'Sherwood Quitzon',45),
	(309,'Freeda Haag PhD',422),
	(310,'Virginie King',37),
	(311,'Turner Jast',277),
	(312,'Madisen Stamm I',491),
	(313,'Carleton Medhurst',397),
	(314,'Erling Padberg',746),
	(315,'Jerad Glover',558),
	(316,'Cielo Mraz',908),
	(317,'Miss Kayden Gibson',439),
	(318,'Thomas Schultz III',981),
	(319,'Mr. Jordon Stoltenberg',641),
	(320,'Casimir McCullough',702),
	(321,'Dr. Neal Stokes',827),
	(322,'Elnora Reynolds',107),
	(323,'Jessy Keeling',330),
	(324,'Preston Parker',144),
	(325,'Lorine Hermiston',576),
	(326,'Ms. Lulu Gulgowski',302),
	(327,'Ms. Gregoria Orn',339),
	(328,'Jeffery Wisozk',495),
	(329,'Randall Mayert MD',244),
	(330,'Dameon Cummings',974),
	(331,'Cleveland Torp',224),
	(332,'Abagail Rau',91),
	(333,'Riley Feil',994),
	(334,'William Baumbach Jr.',804),
	(335,'Samson Torp',389),
	(336,'Dr. Marie Hyatt',883),
	(337,'Jaylin Brakus',257),
	(338,'Cayla Abbott',175),
	(339,'Janet Terry',629),
	(340,'Gino Keeling',71),
	(341,'Mrs. Marques Skiles',680),
	(342,'Freida Sawayn',107),
	(343,'Mr. Delphia Lesch',64),
	(344,'Darryl Nitzsche MD',920),
	(345,'Loren Krajcik',905),
	(346,'Josianne Fahey II',563),
	(347,'Damaris Hyatt I',402),
	(348,'Carolyn Carroll',716),
	(349,'Nickolas Botsford',444),
	(350,'Mr. Jordane Wuckert',14),
	(351,'Carter Senger',811),
	(352,'Ms. Cale Blick',430),
	(353,'Osborne Kiehn II',631),
	(354,'Judd Crist',114),
	(355,'Jamil Kemmer',291),
	(356,'Rebeca Mayer',397),
	(357,'Arno Deckow',313),
	(358,'Berenice Quitzon',927),
	(359,'Isobel Hickle',761),
	(360,'Julian Boyle DVM',292),
	(361,'Mr. Elyse Runolfsdottir',242),
	(362,'Dylan Rippin',174),
	(363,'Giles Mayer',747),
	(364,'Dr. Hellen Macejkovic',470),
	(365,'Ora Zemlak',601),
	(366,'Ludie Kautzer',854),
	(367,'Ana Dietrich',434),
	(368,'Janelle Kassulke',848),
	(369,'Stacy Murphy',408),
	(370,'Dr. Rhiannon Pfeffer',276),
	(371,'Juston Buckridge',970),
	(372,'Ransom Cruickshank',694),
	(373,'Trisha Emmerich',243),
	(374,'Anika Konopelski',226),
	(375,'Marques O\'Reilly DVM',967),
	(376,'Clara Luettgen',132),
	(377,'Ernestina Mills',8),
	(378,'Mrs. Jaqueline Connelly',160),
	(379,'May Reilly',954),
	(380,'Audra Schimmel',897),
	(381,'Mrs. Spencer Klocko',825),
	(382,'Madyson Kutch',184),
	(383,'Elfrieda Luettgen',369),
	(384,'Gideon Simonis MD',139),
	(385,'Cleta Johnson',794),
	(386,'Orin Pacocha',214),
	(387,'Maryse Sanford',682),
	(388,'Easter Pfeffer',913),
	(389,'Otto Mohr',895),
	(390,'Wilhelmine Fahey',578),
	(391,'Charley Dickens',713),
	(392,'Jesse Emard',693),
	(393,'Edgardo Kris',343),
	(394,'Cedrick Hagenes',275),
	(395,'Mrs. Willy Jacobi',583),
	(396,'Jamison Barton',85),
	(397,'Conner Farrell Sr.',317),
	(398,'Ethan Swift',448),
	(399,'Bell Aufderhar',828),
	(400,'Arely Klocko',36),
	(401,'Kali Hermann DDS',571),
	(402,'Idell Dibbert',316),
	(403,'Daren Cummings I',997),
	(404,'Olaf Feest PhD',256),
	(405,'Randi Harªann',999),
	(406,'Mrs. Alfonso Kohler',510),
	(407,'Hilma Hodkiewicz',572),
	(408,'Viva Abshire',809),
	(409,'Bernice Keebler',49),
	(410,'Jude Mohr',904),
	(411,'Mrs. Mireille Hansen',412),
	(412,'Baby Kozey',390),
	(413,'Hillard Metz',375),
	(414,'Vinnie Kozey',584),
	(415,'Aida Satterfield Jr.',636),
	(416,'Jammie Gleichner',136),
	(417,'Dorthy Schaden',246),
	(418,'Esperanza Swift',714),
	(419,'Lorenz Nitzsche',52),
	(420,'Nikolas Hackett',183),
	(421,'Santiago Hansen',169),
	(422,'Ron Runolfsdottir',693),
	(423,'Amari Muller',548),
	(424,'Catherine Deckow I',17),
	(425,'Candido Carter IV',828),
	(426,'Johanna Greenholt',517),
	(427,'Duane Mitchell',519),
	(428,'Katelynn Boyle',568),
	(429,'Flavio O\'Hara',139),
	(430,'Delaney Reinger',224),
	(431,'Mr. Alexys King',993),
	(432,'Emelie Wuckert PhD',697),
	(433,'Myah Gibson',916),
	(434,'Vivien Reynolds',313),
	(435,'Krystal Flatley Jr.',343),
	(436,'Carole Miller',343),
	(437,'Bartholome Davis',739),
	(438,'Dr. Dallin Champlin',25),
	(439,'Cynthia Orn IV',283),
	(440,'Hyman Barton',928),
	(441,'Sandrine Langosh',311),
	(442,'Maximillian Runolfsson',278),
	(443,'Cleora Cummerata PhD',89),
	(444,'Miss Jermain Brakus',323),
	(445,'Garett Abshire',964),
	(446,'Ms. Joana Stracke',881),
	(447,'Marge O\'Reilly',894),
	(448,'Gideon Lueilwitz',108),
	(449,'Rickie Cummings',881),
	(450,'Briana McGlynn',289),
	(451,'Karine Armstrong',929),
	(452,'Lora Emard',403),
	(453,'Murphy Powlowski',20),
	(454,'Vallie Ziemann',867),
	(455,'Ottilie Roob',190),
	(456,'Melany DuBuque',899),
	(457,'Norberto Mann',876),
	(458,'Ms. Jimmy Hessel',707),
	(459,'Abbie Hodkiewicz',238),
	(460,'Fredrick Bernier',562),
	(461,'Rosina Harªann',806),
	(462,'Mr. Meta Keebler',30),
	(463,'Jana Will',529),
	(464,'Ms. George Rohan',973),
	(465,'Furman Flatley',775),
	(466,'Brigitte Dooley IV',8),
	(467,'Antoinette Adams',309),
	(468,'Barton Murray',818),
	(469,'Maurice Sauer',631),
	(470,'Maximillian Trantow',980),
	(471,'Bethany Gottlieb',99),
	(472,'Tatum Spencer',481),
	(473,'Johnny Lockman',153),
	(474,'Miss Gene Williamson',913),
	(475,'Mr. Rasheed Reichel',894),
	(476,'Althea Abbott',153),
	(477,'Ola Frami',974),
	(478,'Maia Welch',687),
	(479,'Loy Swift',146),
	(480,'Dewayne Schuppe',861),
	(481,'Hellen Gulgowski',579),
	(482,'Maybell Stanton',159),
	(483,'Kacey Marquardt',546),
	(484,'Angelita Bogisich',291),
	(485,'Izaiah Runolfsdottir PhD',257),
	(486,'Chanel Gusikowski V',589),
	(487,'Kylie Tillman',47),
	(488,'Dixie Torphy',523),
	(489,'Boyd Kulas',40),
	(490,'Devin Collier III',256),
	(491,'Leda Parker',769),
	(492,'Marisol Maggio V',138),
	(493,'Shyann Mills',42),
	(494,'Amber Kuhlman',397),
	(495,'Nestor Satterfield',628),
	(496,'Hortense Schmidt',923),
	(497,'Marcia Erdman',963),
	(498,'Winston Zieme',32),
	(499,'Valentine Krajcik',721),
	(500,'Lucienne Larkin',991),
	(501,'Verner Bernhard IV',578),
	(502,'Hoyt Krajcik',279),
	(503,'Joelle Murphy',65),
	(504,'Lonny Padberg',384),
	(505,'Harvey Mante',321),
	(506,'Maritza Jast',546),
	(507,'Alexa DuBuque',144),
	(508,'Samantha Ebert',499),
	(509,'Loraine Okuneva IV',793),
	(510,'Darrin Prohaska',241),
	(511,'Linda Rowe',624),
	(512,'Brennon Grady',702),
	(513,'Ivah Cole',577),
	(514,'Eleanora Daugherty',273),
	(515,'Rickie Huel',925),
	(516,'Juvenal Toy',537),
	(517,'Elijah Ritchie II',673),
	(518,'Amara Dibbert',495),
	(519,'Jeramie Gaylord',401),
	(520,'Osbaldo Davis',894),
	(521,'Orpha Bruen',854),
	(522,'Shania Johns',52),
	(523,'Vincenzo Hodkiewicz',890),
	(524,'Pearl Eichmann',737),
	(525,'Violet Stoltenberg',88),
	(526,'Lauryn Conroy',261),
	(527,'Ova Braun',229),
	(528,'Jayden McDermott II',242),
	(529,'Eleanora Kub',708),
	(530,'Willy Barrows',430),
	(531,'Miss Helmer McDermott',323),
	(532,'Marcelle Waters',99),
	(533,'Moises Waelchi',566),
	(534,'Constance Howe',70),
	(535,'Annabel Jakubowski',536),
	(536,'Miss Bradly Weber',25),
	(537,'Mr. Jaylin Trantow',203),
	(538,'Kenny Ankunding',343),
	(539,'Brenden Goodwin',240),
	(540,'Stephany Gerhold',150),
	(541,'Uriel McClure',551),
	(542,'Shaylee Jerde',312),
	(543,'Larissa Dickinson',175),
	(544,'Eunice Goyette',62),
	(545,'Miss Agustina Nicolas',965),
	(546,'Isac Bahringer',655),
	(547,'Tavares Kemmer',919),
	(548,'Ms. Maxie Donnelly',47),
	(549,'Bessie Koch',217),
	(550,'Zena Kuhic',993),
	(551,'Ms. Curtis Becker',724),
	(552,'Amir Beahan',42),
	(553,'Deontae Ryan MD',107),
	(554,'Mertie Herzog DVM',396),
	(555,'Adrianna Schiller',125),
	(556,'Nya O\'Conner',495),
	(557,'Dr. Abby Huels',586),
	(558,'Kaela Klein',396),
	(559,'Cornell Shanahan',801),
	(560,'Saul Pfeffer',132),
	(561,'Mrs. Amelia Baumbach',35),
	(562,'Selena Effertz',196),
	(563,'Clemmie Rath',326),
	(564,'Kenyatta Rutherford',828),
	(565,'Lesly Hayes',306),
	(566,'Mr. Golda Stoltenberg',902),
	(567,'Mrs. Charlie Gaylord',139),
	(568,'Maci Bartell',257),
	(569,'Haylee Daniel',374),
	(570,'Javier Mohr',701),
	(571,'Lavinia Oberbrunner',933),
	(572,'Jennifer Balistreri',733),
	(573,'Alex Jaskolski',927),
	(574,'Valentin Brakus',944),
	(575,'Dustin Gutkowski',779),
	(576,'Ms. Piper Stokes',988),
	(577,'Mr. Daphne Kutch',883),
	(578,'Brandyn Dietrich',846),
	(579,'Obie Kuvalis II',266),
	(580,'Hardy Heaney MD',598),
	(581,'Keanu Schroeder',544),
	(582,'Trystan Baumbach',831),
	(583,'Leopoldo Little',459),
	(584,'Trinity Dietrich',323),
	(585,'Eldon Bergnaum',687),
	(586,'Larissa Corkery',124),
	(587,'Amara Blick',653),
	(588,'Mauricio Zulauf II',223),
	(589,'Grace Rogahn',212),
	(590,'Lourdes Steuber',23),
	(591,'Dasia Morar',381),
	(592,'Mrs. Kacie Orn',0),
	(593,'Leone Abernathy',564),
	(594,'Sadie Schoen Jr.',579),
	(595,'Rodrick Spencer',377),
	(596,'Ms. Cruz Cormier',266),
	(597,'Joanie Nicolas',490),
	(598,'Audra Reichel MD',290),
	(599,'Jessie Hansen',604),
	(600,'Hermina Gleason',749),
	(601,'Darrell Sawayn',160),
	(602,'Elfrieda Hayes IV',517),
	(603,'Dr. Angeline Bahringer',893),
	(604,'Nannie Batz IV',509),
	(605,'Reanna Sawayn',360),
	(606,'Kian Schoen',18),
	(607,'Angeline Huel MD',862),
	(608,'Myra Kautzer',451),
	(609,'Miss Weston Cremin',580),
	(610,'Litzy Langworth MD',87),
	(611,'Hilton Rolfson III',315),
	(612,'Alyce Koepp',965),
	(613,'Destiney Oberbrunner',57),
	(614,'Cooper Will',533),
	(615,'Faustino Ziemann',507),
	(616,'Alanis VonRueden IV',352),
	(617,'Makayla Collier',811),
	(618,'Elda Gorczany III',257),
	(619,'Frida Lemke',34),
	(620,'Dallin Lueilwitz',34),
	(621,'Viva Rosenbaum',502),
	(622,'Royce Buckridge',544),
	(623,'Dr. Ed Schowalter',459),
	(624,'Ralph Lehner',491),
	(625,'Karianne Walsh DDS',764),
	(626,'Soledad Towne',309),
	(627,'Geoffrey Muller',512),
	(628,'Kamryn Bahringer PhD',909),
	(629,'Maxie Windler',708),
	(630,'Emelia Jakubowski',447),
	(631,'Ally Green',915),
	(632,'Noel Nolan',379),
	(633,'Reece Ullrich',147),
	(634,'Miss Kody Satterfield',920),
	(635,'Sandra O\'Conner',355),
	(636,'Elmo Botsford III',513),
	(637,'Mr. Janet Stark',151),
	(638,'Anika Kreiger PhD',355),
	(639,'Jackie Deckow',468),
	(640,'Colton Leffler',210),
	(641,'Greta Schneider',291),
	(642,'Nicolette Satterfield',233),
	(643,'Leila Rosenbaum',310),
	(644,'Dayana Rowe',763),
	(645,'Lukas Stanton',490),
	(646,'Hildegard Hermann',339),
	(647,'Mr. Estrella Hegmann',814),
	(648,'Nasir Lindgren Jr.',544),
	(649,'Mohamed Heller',962),
	(650,'Dr. Naomie Schiller',527),
	(651,'Laura Kulas',76),
	(652,'Eliza Maggio',973),
	(653,'Jaunita Vandervort',27),
	(654,'Nettie Bednar',479),
	(655,'Nola Armstrong',970),
	(656,'Joana Wuckert',769),
	(657,'Mozelle Tremblay',591),
	(658,'Oscar Roob',227),
	(659,'Mireya Langworth',185),
	(660,'Karelle Schmeler',66),
	(661,'Leonel Gleichner',465),
	(662,'Judah Heidenreich',773),
	(663,'Mr. Charlotte Franecki',353),
	(664,'Carmelo Reichert',995),
	(665,'Cecile Paucek',974),
	(666,'Julien Friesen',773),
	(667,'Augustine Langworth',842),
	(668,'Jodie Stiedemann',945),
	(669,'Mrs. Adah Breitenberg',834),
	(670,'Glennie Lynch',971),
	(671,'Earnest Harber',522),
	(672,'Ms. Rhea Bode',775),
	(673,'Tad Shields',355),
	(674,'Mr. Lera Marquardt',6),
	(675,'Florence Raynor',116),
	(676,'Bryce Wisozk PhD',959),
	(677,'Winona Considine',135),
	(678,'Edd Rath',146),
	(679,'Drake Kreiger',833),
	(680,'Maximillia Stokes',990),
	(681,'Amiya Miller',773),
	(682,'Ms. Giuseppe Gerhold',26),
	(683,'Ofelia Stark',947),
	(684,'Bradford Wehner',982),
	(685,'Kayli Batz',341),
	(686,'Madelynn Balistreri',593),
	(687,'Daisha Corkery',618),
	(688,'Isabel Torphy',527),
	(689,'Alexys DuBuque',638),
	(690,'Della Friesen',249),
	(691,'Wilburn Anderson',624),
	(692,'Janae Kub',295),
	(693,'Jasen Skiles',505),
	(694,'Earnestine Purdy II',397),
	(695,'Georgianna Kessler Sr.',905),
	(696,'Ova Hermiston',550),
	(697,'Ms. Velma Thiel',728),
	(698,'Leonora Oberbrunner',402),
	(699,'Tre Hettinger',312),
	(700,'Mr. Stephon Halvorson',34),
	(701,'Royce Shields',296),
	(702,'Dandre Bradtke',816),
	(703,'Paige Cole',687),
	(704,'Margot Wehner',176),
	(705,'Titus Jast',762),
	(706,'Mr. Myrtle Rempel',860),
	(707,'Cloyd Greenholt',352),
	(708,'Keven Swaniawski',181),
	(709,'Lucile Becker',955),
	(710,'Mr. Federico Hettinger',27),
	(711,'Karina Leuschke',307),
	(712,'Arnulfo Johns',108),
	(713,'Della Bosco',896),
	(714,'Efren Swift',364),
	(715,'Daija Wiza',161),
	(716,'Glennie Dach',247),
	(717,'Miss Delilah Buckridge',245),
	(718,'Delfina Ullrich',417),
	(719,'Jade Hoppe',535),
	(720,'Ben Schiller',24),
	(721,'Winona Brekke',530),
	(722,'Victor Reynolds',728),
	(723,'Annie Okuneva',814),
	(724,'Cordell Schultz',513),
	(725,'Miss Jaylon Connelly',322),
	(726,'Fiona Rempel',558),
	(727,'Ben Kirlin',318),
	(728,'Mr. Kiel Kuhn',158),
	(729,'Verda Erdman',996),
	(730,'Hortense Klocko',20),
	(731,'Delbert Murazik',694),
	(732,'Rosalind Kshlerin',309),
	(733,'Celine Schmidt',265),
	(734,'Dr. Jacquelyn Wisozk',864),
	(735,'Sabina Kuhic',491),
	(736,'Miss Jerad Lemke',667),
	(737,'Rosamond Ward',465),
	(738,'Macie Williamson',902),
	(739,'Jeffry O\'Hara',781),
	(740,'Mrs. Sadie Wolff',376),
	(741,'Liza Gerlach',263),
	(742,'Adrian Conroy Jr.',7),
	(743,'Lyda Beier',403),
	(744,'Holly Jast',53),
	(745,'Ismael Hills',292),
	(746,'Tyrell Ferry',536),
	(747,'Garth Dibbert',286),
	(748,'Mr. Osvaldo Runolfsdottir',82),
	(749,'Shannon Zulauf',507),
	(750,'Cullen Ankunding',264),
	(751,'Leland Swift',606),
	(752,'Joan Ebert',172),
	(753,'Delores Dickinson',606),
	(754,'Chloe Roob',757),
	(755,'Kiley Kub',402),
	(756,'Brandon Hickle',632),
	(757,'Makenna Lemke',792),
	(758,'Josh McCullough DDS',86),
	(759,'Ms. Tanner Labadie',211),
	(760,'Hortense Rath',535),
	(761,'Maryjane Braun',98),
	(762,'Aliza Erdman',514),
	(763,'Jacklyn Reinger V',775),
	(764,'Miss Jaida Koelpin',289),
	(765,'Amira Stanton',946),
	(766,'Miss Elise Thiel',920),
	(767,'Catherine Renner',661),
	(768,'Mr. Tiana Donnelly',611),
	(769,'Wilburn Kshlerin V',771),
	(770,'Rose Schmidt',621),
	(771,'Geovanni Bahringer',84),
	(772,'Valerie Dibbert',926),
	(773,'Susanna Funk IV',639),
	(774,'Giuseppe Rolfson',744),
	(775,'Royce Runte',943),
	(776,'Elmira Harber',745),
	(777,'Sheila Bernier',125),
	(778,'Renee Larkin',693),
	(779,'Mr. Steve Schaden',704),
	(780,'Natalie Ebert PhD',705),
	(781,'Lorenza Kohler',798),
	(782,'Rae Beatty',666),
	(783,'Ron Swift Jr.',153),
	(784,'Ahmad Okuneva',104),
	(785,'Randy Kohler',411),
	(786,'Gabriel Bashirian',633),
	(787,'May Dickinson',796),
	(788,'Mollie Skiles',32),
	(789,'Carley Kerluke',549),
	(790,'Jeramie Kertzmann',971),
	(791,'Mac Maggio',128),
	(792,'Kory Hammes',818),
	(793,'Adolphus Thiel',776),
	(794,'Vicente Ortiz',53),
	(795,'Dr. Curtis Schuppe',274),
	(796,'Phoebe Rolfson',394),
	(797,'Rasheed Kunde',594),
	(798,'Thomas Marvin III',913),
	(799,'Jasmin Langosh III',487),
	(800,'Nasir Bogisich',248),
	(801,'Ari Boyer',364),
	(802,'Rosalia Flatley',404),
	(803,'Erich Gutkowski',667),
	(804,'Lauriane Ziemann',706),
	(805,'Justina McClure',322),
	(806,'Dr. Euna Swift',796),
	(807,'Keara McClure',554),
	(808,'Vella Koss',911),
	(809,'Gonzalo McCullough',796),
	(810,'Leilani Walter II',729),
	(811,'Mr. Destin Breitenberg',745),
	(812,'Miss Murl Thompson',640),
	(813,'Claudia Conn III',710),
	(814,'Elijah Goldner',981),
	(815,'Kennedy Halvorson',815),
	(816,'Jadyn Brakus',526),
	(817,'Alexanne Gibson',383),
	(818,'Christine Considine',757),
	(819,'Joy Jenkins',992),
	(820,'Liliana Larson',479),
	(821,'Mabelle Wunsch',72),
	(822,'Esta Howell II',399),
	(823,'Cecil Rice',623),
	(824,'Donald Huels',319),
	(825,'Vaughn Langosh',479),
	(826,'Citlalli Harris',914),
	(827,'Darwin Klocko',747),
	(828,'Diana Kilback',590),
	(829,'Blaise Nikolaus',233),
	(830,'Luz Gusikowski',47),
	(831,'Dorian Green',956),
	(832,'Teagan Beahan DDS',68),
	(833,'Howard Jewess',479),
	(834,'Ashlee Kautzer',112),
	(835,'Earnest Dickinson',551),
	(836,'Vince Pouros',477),
	(837,'Jayme Kuvalis',874),
	(838,'Roxanne Lowe Jr.',488),
	(839,'Jaylon Pagac',930),
	(840,'Lucy Monahan I',748),
	(841,'Burnice Gislason',247),
	(842,'Nona Hoppe',975),
	(843,'Neil Greenholt',316),
	(844,'Hudson Simonis',524),
	(845,'Simeon Schowalter DDS',635),
	(846,'Rhiannon Gottlieb',120),
	(847,'Wallace O\'Conner',925),
	(848,'Doyle Prosacco Sr.',745),
	(849,'Dominique O\'Keefe',310),
	(850,'Ona Streich',668),
	(851,'Americo Rempel',158),
	(852,'Wilson Roberts',864),
	(853,'Cristopher Purdy',664),
	(854,'Delia Stark',580),
	(855,'Hilma Homenick DVM',606),
	(856,'Heloise Adams',590),
	(857,'Amaya Auer',650),
	(858,'Andrew Krajcik Jr.',802),
	(859,'Leola Leffler',435),
	(860,'Walker Fritsch',84),
	(861,'Toy Ruecker',22),
	(862,'Shanie Gislason',483),
	(863,'Ms. Icie Cole',427),
	(864,'Toy Mills',52),
	(865,'Krystina Steuber',28),
	(866,'Dr. Nash Gusikowski',928),
	(867,'Sydnee Bins PhD',317),
	(868,'Gia Gottlieb',919),
	(869,'Neva Rogahn I',568),
	(870,'Rae Douglas',962),
	(871,'Muhammad Hoppe',291),
	(872,'Geoffrey Halvorson',312),
	(873,'Kameron Mills',241),
	(874,'Houston Effertz',687),
	(875,'Montana Bechtelar',827),
	(876,'Dr. Kenneth DuBuque',22),
	(877,'Clovis Hamill',947),
	(878,'Donald Klein III',920),
	(879,'Reymundo Johnson',485),
	(880,'Marquise Schinner III',94),
	(881,'Gerardo Bednar',914),
	(882,'Gina Lockman',763),
	(883,'Dejon Daniel',310),
	(884,'Adeline Adams',63),
	(885,'Keshawn Cruickshank',845),
	(886,'Dr. Westley Robel',188),
	(887,'Jean Strosin',689),
	(888,'Dillan Streich',78),
	(889,'Alex Kemmer',83),
	(890,'Madilyn Jakubowski',204),
	(891,'Clay Wolff',383),
	(892,'Daphnee Breitenberg',847),
	(893,'Jeanie Baumbach',763),
	(894,'Rickie Labadie Sr.',354),
	(895,'Eldora Kozey',71),
	(896,'Neva Skiles MD',164),
	(897,'Shanon Hintz',309),
	(898,'Nicolette Guªann',305),
	(899,'Brant Zboncak',726),
	(900,'Alvina Mertz',345),
	(901,'Miss Letitia Stamm',904),
	(902,'Viva Fay',758),
	(903,'Mr. Berneice O\'Connell',39),
	(904,'Kaylee Sipes',500),
	(905,'Dorian Crooks',837),
	(906,'Berniece Lang',298),
	(907,'Berneice Schaefer IV',693),
	(908,'Newell Ferry',273),
	(909,'Evan Bartell',788),
	(910,'Maudie Fritsch',621),
	(911,'Cassandre Pfeffer',39),
	(912,'Katrina Casper',769),
	(913,'Sammie Wehner',515),
	(914,'Dr. Alisa Mueller',994),
	(915,'Melisa Johns',60),
	(916,'Josiane Runte',882),
	(917,'Elmira Dooley',200),
	(918,'Diamond Kling',60),
	(919,'Mariana Ritchie',932),
	(920,'Hardy Carroll',502),
	(921,'Elda Thiel',418),
	(922,'Marshall Pfannerstill',136),
	(923,'Mr. Darren Bechtelar',725),
	(924,'Mrs. Anne Watsica',633),
	(925,'Adrain Purdy MD',942),
	(926,'Deron Moore PhD',761),
	(927,'Morton Considine',988),
	(928,'Vella Dickens',948),
	(929,'Zoey Keeling',550),
	(930,'Halle Bergnaum',60),
	(931,'Ardith Nolan',237),
	(932,'Maxie Moen',920),
	(933,'Esperanza Lindgren',237),
	(934,'Yadira Gulgowski',281),
	(935,'Jailyn Mante',970),
	(936,'Abby Schulist',522),
	(937,'Mrs. Armand Corwin',442),
	(938,'Junius Kilback',187),
	(939,'Darrin Schiller',707),
	(940,'Cary Wolff V',436),
	(941,'Mr. Alessandro Heathcote',708),
	(942,'Kellie Marvin',221),
	(943,'Eunice Schamberger',471),
	(944,'Kamren Sawayn',228),
	(945,'Kelvin Ebert PhD',576),
	(946,'Britney Bode I',679),
	(947,'Miles Collier',828),
	(948,'Shanon Orn Jr.',874),
	(949,'Uriel Terry',233),
	(950,'Sonny Dare',138),
	(951,'Brando Runolfsson',957),
	(952,'Jermaine Morar',889),
	(953,'Camden Haag',699),
	(954,'Mrs. Brendon Mills',211),
	(955,'Bernhard Mohr',715),
	(956,'Tre Kemmer',6),
	(957,'Dejah Baumbach',795),
	(958,'Mr. Michel Will',608),
	(959,'Ed Stroman',974),
	(960,'Celestine Pagac DDS',321),
	(961,'Kraig Schmidt',106),
	(962,'Kenyatta Lakin',808),
	(963,'Tom Stark',789),
	(964,'Letha Miller',640),
	(965,'Ms. Abigale Macejkovic',633),
	(966,'Ms. Alexa Hand',364),
	(967,'Eldon Hackett DDS',54),
	(968,'Akeem Langworth',874),
	(969,'Janick Heidenreich',974),
	(970,'Ms. Clemmie Howell',629),
	(971,'Ms. Carleton Anderson',399),
	(972,'Victoria Cummerata',822),
	(973,'Stella Lubowitz',68),
	(974,'Adell Doyle',285),
	(975,'Colt Fadel',145),
	(976,'Gerardo Rice',449),
	(977,'Pattie Koss',300),
	(978,'Mr. Scottie Lakin',612),
	(979,'Lera Shields',245),
	(980,'Summer Tillman',140),
	(981,'Coy VonRueden',545),
	(982,'Emmitt Corkery',404),
	(983,'Mr. Bettie Lemke',12),
	(984,'Mr. Chadrick Kub',793),
	(985,'Lilliana Schuppe',834),
	(986,'Ernestine Kreiger',349),
	(987,'Jaylen Eichmann',458),
	(988,'Ms. Easton Bergnaum',616),
	(989,'Guido Ondricka',250),
	(990,'Asa Von Sr.',553),
	(991,'Gregoria Smitham',272),
	(992,'Joshuah Koss',358),
	(993,'Dandre Glover',739),
	(994,'Mr. Emelie Klein',335),
	(995,'Ms. Bud Erdman',780),
	(996,'Cynthia Morar',639),
	(997,'Euna Johns',446),
	(998,'Eileen Gutkowski',379),
	(999,'Dr. Tyrel Stracke',209),
	(1005,'test8',10);

/*!40000 ALTER TABLE `USERS` ENABLE KEYS */;
UNLOCK TABLES;



/*!40111 SET SQL_NOTES=@OLD_SQL_NOTES */;
/*!40101 SET SQL_MODE=@OLD_SQL_MODE */;
/*!40014 SET FOREIGN_KEY_CHECKS=@OLD_FOREIGN_KEY_CHECKS */;
/*!40101 SET CHARACTER_SET_CLIENT=@OLD_CHARACTER_SET_CLIENT */;
/*!40101 SET CHARACTER_SET_RESULTS=@OLD_CHARACTER_SET_RESULTS */;
/*!40101 SET COLLATION_CONNECTION=@OLD_COLLATION_CONNECTION */;
